{
    "variants": {
        "normal": [
            { "model": "end_stone", "weight": 20 },
            { "model": "unity:end_stone_alt", "weight": 1 },
            { "model": "unity:end_stone_alt2", "weight": 1 },
            { "model": "unity:end_stone_alt3", "weight": 1 },
            { "model": "unity:end_stone_alt4", "weight": 1 },
            { "model": "unity:end_stone_alt5", "weight": 1 },
            { "model": "unity:end_stone_alt6", "weight": 1 },
            { "model": "unity:end_stone_alt7", "weight": 1 }
        ]
    }
}
